Producto,Precio,Precio sin descuento,Rebaja,Enlace
La Llamada de Cthulhu LCG: Secretos de Arkham,"6,00 €","29,95 €",80%,"=HYPERLINK(""https://mathom.es/en/coreset-y-expansiones/16203-la-llamada-de-cthulhu-lcg-secretos-de-arkham-9781589946606.html"", ""[link]"")"
Arkham Horror LCG: El Círculo Roto,"10,00 €","32,99 €",70%,"=HYPERLINK(""https://mathom.es/en/caja-basica-y-expansiones/40781-arkham-horror-lcg-el-circulo-roto-8435407623378.html"", ""[link]"")"
Arkham Horror LCG: La Conspiración de Innsmouth,"13,00 €","32,99 €",61%,"=HYPERLINK(""https://mathom.es/en/caja-basica-y-expansiones/44647-arkham-horror-lcg-la-conspiracion-de-innsmouth-8435407630932.html"", ""[link]"")"
Arkham Horror LCG:  La Ciudad de los Archivos / La Era Olvidada 4,"7,00 €","16,99 €",59%,"=HYPERLINK(""https://mathom.es/en/ciclo-la-era-olvidada-13-18/39869-arkham-horror-lcg-la-ciudad-de-los-archivos-la-era-olvidada-4-8435407619531.html"", ""[link]"")"
Arkham Horror LCG: Invisibles y sin Dimensión / El Legado de Dunwich 4,"7,00 €","16,99 €",59%,"=HYPERLINK(""https://mathom.es/en/ciclo-el-legado-de-dunwich-1-6/37823-arkham-horror-lcg-invisibles-y-sin-dimension-el-legado-de-dunwich-4-8435407613652.html"", ""[link]"")"
Arkham Horror LCG:  El Nombre Secreto / El Círculo Roto 1,"7,00 €","16,99 €",59%,"=HYPERLINK(""https://mathom.es/en/ciclo-el-circulo-roto-19-24/41063-arkham-horror-lcg-el-nombre-secreto-el-circulo-roto-1-8435407624696.html"", ""[link]"")"
Arkham Horror LCG:  La Paga del Pecado / El Círculo Roto 2,"7,00 €","16,99 €",59%,"=HYPERLINK(""https://mathom.es/en/ciclo-el-circulo-roto-19-24/41137-arkham-horror-lcg-la-paga-del-pecado-el-circulo-roto-2-8435407624719.html"", ""[link]"")"
Arkham Horror LCG:  Por el Bien Común / El Círculo Roto 3,"7,00 €","16,99 €",59%,"=HYPERLINK(""https://mathom.es/en/ciclo-el-circulo-roto-19-24/41266-arkham-horror-lcg-por-el-bien-comun-el-circulo-roto-3-8435407624733.html"", ""[link]"")"
Arkham Horror LCG:  Unión y Desilusión / El Círculo Roto 4,"7,00 €","16,99 €",59%,"=HYPERLINK(""https://mathom.es/en/ciclo-el-circulo-roto-19-24/41568-arkham-horror-lcg-union-y-desilusion-el-circulo-roto-4-8435407624757.html"", ""[link]"")"
Arkham Horror LCG:  En las Garras del Caos / El Círculo Roto 5,"7,00 €","16,99 €",59%,"=HYPERLINK(""https://mathom.es/en/ciclo-el-circulo-roto-19-24/41769-arkham-horror-lcg-en-las-garras-del-caos-el-circulo-roto-5-8435407624771.html"", ""[link]"")"
Arkham Horror LCG: Hasta El Cuello / La Conspiración de Innsmouth 1,"7,00 €","16,99 €",59%,"=HYPERLINK(""https://mathom.es/en/ciclo-la-conspiracion-de-innsmouth-31-36/44915-arkham-horror-lcg-hasta-el-cuello-la-conspiracion-de-innsmouth-1-8435407631731.html"", ""[link]"")"
Arkham Horror LCG: Arrecife del Diablo / La Conspiración de Innsmouth 2,"7,00 €","16,99 €",59%,"=HYPERLINK(""https://mathom.es/en/ciclo-la-conspiracion-de-innsmouth-31-36/45432-arkham-horror-lcg-arrecife-del-diablo-la-conspiracion-de-innsmouth-3-8435407631748.html"", ""[link]"")"
Arkham Horror LCG: Horror a Toda Máquina / La Conspiración de Innsmouth 3,"7,00 €","16,99 €",59%,"=HYPERLINK(""https://mathom.es/en/ciclo-la-conspiracion-de-innsmouth-31-36/45429-arkham-horror-lcg-horror-a-toda-maquina-la-conspiracion-de-innsmouth-3-8435407631755.html"", ""[link]"")"
Arkham Horror LCG: Una Luz en la Niebla / La Conspiración de Innsmouth 4,"7,00 €","16,99 €",59%,"=HYPERLINK(""https://mathom.es/en/ciclo-la-conspiracion-de-innsmouth-31-36/45616-arkham-horror-lcg-una-luz-en-la-niebla-la-conspiracion-de-innsmouth-4-8435407631762.html"", ""[link]"")"
Arkham Horror LCG: La Guarida de Dagón / La Conspiración de Innsmouth 5,"7,00 €","16,99 €",59%,"=HYPERLINK(""https://mathom.es/en/ciclo-la-conspiracion-de-innsmouth-31-36/45796-arkham-horror-lcg-la-guarida-de-dagon-la-conspiracion-de-innsmouth-5-8435407631779.html"", ""[link]"")"
Arkham Horror LCG:  Hacia el Remolino / La Conspiración de Innsmouth 6,"7,00 €","16,99 €",59%,"=HYPERLINK(""https://mathom.es/en/ciclo-la-conspiracion-de-innsmouth-31-36/45905-arkham-horror-lcg-hacia-el-remolino-la-conspiracion-de-innsmouth-6-8435407631786.html"", ""[link]"")"
Arkham Horror LCG: Ante el Trono Negro / El Círculo Roto 6,"7,00 €","14,95 €",53%,"=HYPERLINK(""https://mathom.es/en/ciclo-el-circulo-roto-19-24/41875-arkham-horror-lcg-ante-el-trono-negro-el-circulo-roto-6-8435407624795.html"", ""[link]"")"
Arkham Horror LCG: Fortuna e Insensatez,"13,00 €","21,99 €",41%,"=HYPERLINK(""https://mathom.es/en/accessories-print-on-demand/51033-arkham-horror-lcg-fortuna-e-insensatez-841333121471.html"", ""[link]"")"
Arkham Horror LCG: Las Llaves Escarlata (Expansión Investigadores),"27,00 €","44,99 €",40%,"=HYPERLINK(""https://mathom.es/en/caja-basica-y-expansiones/49601-arkham-horror-lcg-las-llaves-escarlata-expansion-investigadores-5021863416352.html"", ""[link]"")"
Arkham Horror LCG: Las Llaves Escarlata (Expansión de Campaña),"42,00 €","69,99 €",40%,"=HYPERLINK(""https://mathom.es/en/caja-basica-y-expansiones/50084-arkham-horror-lcg-las-llaves-escarlata-expansion-de-campana-3883906447905.html"", ""[link]"")"
Arkham Horror LCG:  El Círculo Roto (Expansión Investigadores),"27,00 €","44,99 €",40%,"=HYPERLINK(""https://mathom.es/en/caja-basica-y-expansiones/51408-arkham-horror-lcg-el-circulo-roto-expansion-investigadores-1132373557337.html"", ""[link]"")"
Arkham Horror LCG: El Círculo Roto (Expansión de Campaña),"42,00 €","69,99 €",40%,"=HYPERLINK(""https://mathom.es/en/caja-basica-y-expansiones/51663-arkham-horror-lcg-el-circulo-roto-expansion-de-campana-8618057237533.html"", ""[link]"")"
